<?xml version="1.0" encoding="utf-8" ?>
<dwsync>
<file name="style.css" server="thetrudesign.com" local="131624613100000000" remote="131626930800000000" Dst="1" />
<file name="dbconnection.php" server="thetrudesign.com" local="131624555440000000" remote="131626930800000000" Dst="1" />
<file name="process.php" server="thetrudesign.com" local="131626916540000000" remote="131626952400000000" Dst="1" />
<file name="index.html" server="thetrudesign.com" local="131626921220000000" remote="131626957800000000" Dst="1" />
<file name="check_email.php" server="thetrudesign.com" local="131624579640000000" remote="131626930800000000" Dst="1" />
<file name="protected.php" server="thetrudesign.com" local="131624615380000000" remote="131626930800000000" Dst="1" />
<file name="check_user.php" server="thetrudesign.com" local="131626911260000000" remote="131626947000000000" Dst="1" />
<file name="jquery.blockUI.js" server="thetrudesign.com" local="131626877860000000" remote="131626930800000000" Dst="1" />
</dwsync>