<?xml version="1.0" encoding="utf-8" ?>
<dwsync>
<file name="style.css" server="thetrudesign.com" local="131630499680000000" remote="131630535600000000" Dst="1" />
<file name="dbconnection.php" server="thetrudesign.com" local="131630468420000000" remote="131630504400000000" Dst="1" />
<file name="process.php" server="thetrudesign.com" local="131626916540000000" remote="131630430600000000" Dst="1" />
<file name="check_email.php" server="thetrudesign.com" local="131624579640000000" remote="131630430600000000" Dst="1" />
<file name="protected.php" server="thetrudesign.com" local="131630553140000000" remote="131630589600000000" Dst="1" />
<file name="check_user.php" server="thetrudesign.com" local="131626911260000000" remote="131630430600000000" Dst="1" />
<file name="jquery.blockUI.js" server="thetrudesign.com" local="131626877860000000" remote="131630430600000000" Dst="1" />
<file name="index.php" server="thetrudesign.com" local="131630552680000000" remote="131630589600000000" Dst="1" />
<file name="message.php" server="thetrudesign.com" local="131630405000000000" remote="131630440800000000" Dst="1" />
<file name="processMessage.php" server="thetrudesign.com" local="131630538280000000" remote="131630574000000000" Dst="1" />
</dwsync>